started_at,finished_at,round,round_elapsed_ms,target,count,failures,min_ms,p50_ms,p95_ms,max_ms,avg_ms,page_data_p95_ms,page_render_p95_ms,edge_mw_header_p95_ms,page_data_header_p95_ms,page_render_header_p95_ms
2026-07-03T19:55:14.570Z,2026-07-03T19:55:22.863Z,1,8291.5,Home,5,0,67.0,82.0,222.0,222.0,111.0,,,0.3,,
2026-07-03T19:55:14.570Z,2026-07-03T19:55:22.863Z,1,8291.5,Robots,5,0,42.0,157.0,258.0,258.0,132.0,,,,,
2026-07-03T19:55:14.570Z,2026-07-03T19:55:22.863Z,1,8291.5,Sitemap,5,0,39.0,40.0,47.0,47.0,41.0,,,,,
2026-07-03T19:55:14.570Z,2026-07-03T19:55:22.863Z,1,8291.5,Published Home,5,0,180.0,193.0,280.0,280.0,207.0,47.3,47.7,0.4,,
2026-07-03T19:55:14.570Z,2026-07-03T19:55:22.863Z,1,8291.5,Published About,5,0,179.0,186.0,203.0,203.0,188.0,6.3,6.5,0.2,,
2026-07-03T19:55:14.570Z,2026-07-03T19:55:22.863Z,1,8291.5,Published Contact,5,0,175.0,180.0,191.0,191.0,181.0,5.2,5.4,0.2,,
2026-07-03T19:55:27.866Z,2026-07-03T19:55:33.646Z,2,5780.0,Home,5,0,62.0,70.0,70.0,70.0,68.0,,,2.4,,
2026-07-03T19:55:27.866Z,2026-07-03T19:55:33.646Z,2,5780.0,Robots,5,0,36.0,41.0,130.0,130.0,58.0,,,,,
2026-07-03T19:55:27.866Z,2026-07-03T19:55:33.646Z,2,5780.0,Sitemap,5,0,36.0,40.0,53.0,53.0,41.0,,,,,
2026-07-03T19:55:27.866Z,2026-07-03T19:55:33.646Z,2,5780.0,Published Home,5,0,181.0,196.0,216.0,216.0,196.0,19.9,20.2,0.2,,
2026-07-03T19:55:27.866Z,2026-07-03T19:55:33.646Z,2,5780.0,Published About,5,0,178.0,189.0,220.0,220.0,193.0,7.4,7.5,0.2,,
2026-07-03T19:55:27.866Z,2026-07-03T19:55:33.646Z,2,5780.0,Published Contact,5,0,174.0,183.0,212.0,212.0,187.0,7.2,7.3,0.1,,
2026-07-03T19:55:38.649Z,2026-07-03T19:55:44.272Z,3,5623.4,Home,5,0,66.0,68.0,72.0,72.0,68.0,,,0.2,,
2026-07-03T19:55:38.649Z,2026-07-03T19:55:44.272Z,3,5623.4,Robots,5,0,39.0,43.0,128.0,128.0,59.0,,,,,
2026-07-03T19:55:38.649Z,2026-07-03T19:55:44.272Z,3,5623.4,Sitemap,5,0,38.0,40.0,43.0,43.0,40.0,,,,,
2026-07-03T19:55:38.649Z,2026-07-03T19:55:44.272Z,3,5623.4,Published Home,5,0,179.0,185.0,191.0,191.0,185.0,5.9,6.2,0.2,,
2026-07-03T19:55:38.649Z,2026-07-03T19:55:44.272Z,3,5623.4,Published About,5,0,174.0,184.0,205.0,205.0,186.0,6.1,6.2,0.2,,
2026-07-03T19:55:38.649Z,2026-07-03T19:55:44.272Z,3,5623.4,Published Contact,5,0,177.0,188.0,199.0,199.0,187.0,5.9,6.0,0.2,,
2026-07-03T19:55:49.282Z,2026-07-03T19:55:54.943Z,4,5660.6,Home,5,0,66.0,69.0,78.0,78.0,71.0,,,0.2,,
2026-07-03T19:55:49.282Z,2026-07-03T19:55:54.943Z,4,5660.6,Robots,5,0,38.0,39.0,120.0,120.0,56.0,,,,,
2026-07-03T19:55:49.282Z,2026-07-03T19:55:54.943Z,4,5660.6,Sitemap,5,0,39.0,46.0,60.0,60.0,46.0,,,,,
2026-07-03T19:55:49.282Z,2026-07-03T19:55:54.943Z,4,5660.6,Published Home,5,0,182.0,183.0,194.0,194.0,186.0,5.4,5.6,0.1,,
2026-07-03T19:55:49.282Z,2026-07-03T19:55:54.943Z,4,5660.6,Published About,5,0,175.0,180.0,184.0,184.0,180.0,5.6,5.8,0.2,,
2026-07-03T19:55:49.282Z,2026-07-03T19:55:54.943Z,4,5660.6,Published Contact,5,0,180.0,185.0,206.0,206.0,188.0,5.6,5.7,0.2,,
2026-07-03T19:55:59.949Z,2026-07-03T19:56:05.527Z,5,5577.6,Home,5,0,63.0,64.0,74.0,74.0,67.0,,,0.2,,
2026-07-03T19:55:59.949Z,2026-07-03T19:56:05.527Z,5,5577.6,Robots,5,0,38.0,42.0,117.0,117.0,57.0,,,,,
2026-07-03T19:55:59.949Z,2026-07-03T19:56:05.527Z,5,5577.6,Sitemap,5,0,38.0,39.0,40.0,40.0,39.0,,,,,
2026-07-03T19:55:59.949Z,2026-07-03T19:56:05.527Z,5,5577.6,Published Home,5,0,179.0,183.0,210.0,210.0,188.0,5.2,5.3,0.2,,
2026-07-03T19:55:59.949Z,2026-07-03T19:56:05.527Z,5,5577.6,Published About,5,0,177.0,182.0,191.0,191.0,183.0,6.1,6.2,0.2,,
2026-07-03T19:55:59.949Z,2026-07-03T19:56:05.527Z,5,5577.6,Published Contact,5,0,176.0,180.0,205.0,205.0,184.0,7.9,8.1,0.3,,
2026-07-03T19:56:10.532Z,2026-07-03T19:56:16.035Z,6,5513.5,Home,5,0,64.0,67.0,77.0,77.0,69.0,,,0.2,,
2026-07-03T19:56:10.532Z,2026-07-03T19:56:16.035Z,6,5513.5,Robots,5,0,40.0,45.0,140.0,140.0,62.0,,,,,
2026-07-03T19:56:10.532Z,2026-07-03T19:56:16.035Z,6,5513.5,Sitemap,5,0,35.0,39.0,41.0,41.0,38.0,,,,,
2026-07-03T19:56:10.532Z,2026-07-03T19:56:16.035Z,6,5513.5,Published Home,5,0,180.0,181.0,190.0,190.0,184.0,5.6,5.8,0.2,,
2026-07-03T19:56:10.532Z,2026-07-03T19:56:16.035Z,6,5513.5,Published About,5,0,175.0,184.0,187.0,187.0,181.0,7.0,7.1,0.2,,
2026-07-03T19:56:10.532Z,2026-07-03T19:56:16.035Z,6,5513.5,Published Contact,5,0,180.0,181.0,191.0,191.0,183.0,6.3,6.5,0.2,,
2026-07-03T19:56:21.038Z,2026-07-03T19:56:26.979Z,7,5940.4,Home,5,0,63.0,70.0,90.0,90.0,73.0,,,0.1,,
2026-07-03T19:56:21.038Z,2026-07-03T19:56:26.979Z,7,5940.4,Robots,5,0,38.0,44.0,124.0,124.0,61.0,,,,,
2026-07-03T19:56:21.038Z,2026-07-03T19:56:26.979Z,7,5940.4,Sitemap,5,0,41.0,43.0,50.0,50.0,44.0,,,,,
2026-07-03T19:56:21.038Z,2026-07-03T19:56:26.979Z,7,5940.4,Published Home,5,0,168.0,187.0,218.0,218.0,190.0,10.5,10.6,0.1,,
2026-07-03T19:56:21.038Z,2026-07-03T19:56:26.979Z,7,5940.4,Published About,5,0,177.0,184.0,214.0,214.0,193.0,6.9,7.0,0.1,,
2026-07-03T19:56:21.038Z,2026-07-03T19:56:26.979Z,7,5940.4,Published Contact,5,0,174.0,182.0,191.0,191.0,183.0,6.5,6.6,0.1,,
2026-07-03T19:56:31.988Z,2026-07-03T19:56:37.736Z,8,5748.2,Home,5,0,71.0,71.0,99.0,99.0,77.0,,,0.2,,
2026-07-03T19:56:31.988Z,2026-07-03T19:56:37.736Z,8,5748.2,Robots,5,0,36.0,38.0,123.0,123.0,55.0,,,,,
2026-07-03T19:56:31.988Z,2026-07-03T19:56:37.736Z,8,5748.2,Sitemap,5,0,39.0,41.0,42.0,42.0,40.0,,,,,
2026-07-03T19:56:31.988Z,2026-07-03T19:56:37.736Z,8,5748.2,Published Home,5,0,176.0,190.0,199.0,199.0,189.0,22.8,22.9,0.2,,
2026-07-03T19:56:31.988Z,2026-07-03T19:56:37.736Z,8,5748.2,Published About,5,0,177.0,182.0,196.0,196.0,184.0,6.3,6.4,0.2,,
2026-07-03T19:56:31.988Z,2026-07-03T19:56:37.736Z,8,5748.2,Published Contact,5,0,171.0,189.0,213.0,213.0,189.0,5.5,5.6,0.2,,
2026-07-03T19:56:42.753Z,2026-07-03T19:56:48.422Z,9,5668.9,Home,5,0,61.0,70.0,97.0,97.0,74.0,,,0.2,,
2026-07-03T19:56:42.753Z,2026-07-03T19:56:48.422Z,9,5668.9,Robots,5,0,41.0,43.0,140.0,140.0,62.0,,,,,
2026-07-03T19:56:42.753Z,2026-07-03T19:56:48.422Z,9,5668.9,Sitemap,5,0,36.0,41.0,44.0,44.0,40.0,,,,,
2026-07-03T19:56:42.753Z,2026-07-03T19:56:48.422Z,9,5668.9,Published Home,5,0,178.0,182.0,190.0,190.0,183.0,5.4,5.6,0.2,,
2026-07-03T19:56:42.753Z,2026-07-03T19:56:48.422Z,9,5668.9,Published About,5,0,173.0,180.0,208.0,208.0,184.0,32.8,32.9,0.2,,
2026-07-03T19:56:42.753Z,2026-07-03T19:56:48.422Z,9,5668.9,Published Contact,5,0,172.0,176.0,191.0,191.0,179.0,7.7,7.8,0.1,,
2026-07-03T19:56:53.422Z,2026-07-03T19:56:58.946Z,10,5524.1,Home,5,0,64.0,67.0,68.0,68.0,66.0,,,4.0,,
2026-07-03T19:56:53.422Z,2026-07-03T19:56:58.946Z,10,5524.1,Robots,5,0,38.0,42.0,124.0,124.0,58.0,,,,,
2026-07-03T19:56:53.422Z,2026-07-03T19:56:58.946Z,10,5524.1,Sitemap,5,0,38.0,40.0,64.0,64.0,45.0,,,,,
2026-07-03T19:56:53.422Z,2026-07-03T19:56:58.946Z,10,5524.1,Published Home,5,0,176.0,185.0,191.0,191.0,183.0,4.7,4.9,0.2,,
2026-07-03T19:56:53.422Z,2026-07-03T19:56:58.946Z,10,5524.1,Published About,5,0,170.0,177.0,187.0,187.0,178.0,5.0,5.1,0.1,,
2026-07-03T19:56:53.422Z,2026-07-03T19:56:58.946Z,10,5524.1,Published Contact,5,0,174.0,180.0,187.0,187.0,180.0,4.8,4.9,0.1,,
2026-07-03T19:57:03.954Z,2026-07-03T19:57:09.790Z,11,5836.0,Home,5,0,61.0,68.0,79.0,79.0,69.0,,,0.2,,
2026-07-03T19:57:03.954Z,2026-07-03T19:57:09.790Z,11,5836.0,Robots,5,0,39.0,43.0,171.0,171.0,68.0,,,,,
2026-07-03T19:57:03.954Z,2026-07-03T19:57:09.790Z,11,5836.0,Sitemap,5,0,38.0,40.0,41.0,41.0,40.0,,,,,
2026-07-03T19:57:03.954Z,2026-07-03T19:57:09.790Z,11,5836.0,Published Home,5,0,175.0,176.0,185.0,185.0,179.0,5.1,5.2,0.1,,
2026-07-03T19:57:03.954Z,2026-07-03T19:57:09.790Z,11,5836.0,Published About,5,0,175.0,185.0,200.0,200.0,188.0,4.9,5.0,0.5,,
2026-07-03T19:57:03.954Z,2026-07-03T19:57:09.790Z,11,5836.0,Published Contact,5,0,182.0,190.0,402.0,402.0,231.0,5.0,5.1,0.2,,
2026-07-03T19:57:14.803Z,2026-07-03T19:57:21.095Z,12,6280.4,Home,5,0,59.0,62.0,99.0,99.0,69.0,,,0.1,,
2026-07-03T19:57:14.803Z,2026-07-03T19:57:21.095Z,12,6280.4,Robots,5,0,36.0,41.0,315.0,315.0,95.0,,,,,
2026-07-03T19:57:14.803Z,2026-07-03T19:57:21.095Z,12,6280.4,Sitemap,5,0,37.0,38.0,41.0,41.0,39.0,,,,,
2026-07-03T19:57:14.803Z,2026-07-03T19:57:21.095Z,12,6280.4,Published Home,5,0,177.0,189.0,197.0,197.0,188.0,6.4,6.6,0.2,,
2026-07-03T19:57:14.803Z,2026-07-03T19:57:21.095Z,12,6280.4,Published About,5,0,173.0,195.0,490.0,490.0,250.0,5.0,5.1,0.1,,
2026-07-03T19:57:14.803Z,2026-07-03T19:57:21.095Z,12,6280.4,Published Contact,5,0,181.0,203.0,203.0,203.0,198.0,23.4,23.5,0.2,,
